0,0.0,7.710596753308278E-6
1,7.710596753308278E-6,7.710596753308278E-6
2,1.5421193506616557E-5,7.710596753308277E-6
3,2.3131790259924833E-5,7.71059675330828E-6
4,3.0842387013233114E-5,7.71059675330828E-6
5,3.8552983766541394E-5,7.710596753308273E-6
6,4.626358051984967E-5,7.71059675330828E-6
7,5.397417727315795E-5,7.71059675330828E-6
8,6.168477402646623E-5,7.710596753308273E-6
9,6.93953707797745E-5,7.710596753308287E-6
10,7.710596753308279E-5,7.710596753308273E-6
11,8.481656428639106E-5,7.710596753308273E-6
12,9.252716103969933E-5,7.710596753308287E-6
13,1.0023775779300762E-4,7.710596753308273E-6
14,1.079483545463159E-4,7.710596753308287E-6
15,1.1565895129962418E-4,7.710596753308273E-6
16,1.2336954805293245E-4,7.710596753308273E-6
17,1.3108014480624073E-4,13.423618821707864
18,13.42374990185267,147.6083596451206
19,161.03210954697326,302.29352687189964
20,463.3256364188729,417.26803972902445
21,880.5936761478973,520.2219415261196
22,1400.815617674017,538.5996649178396
23,1939.4152825918566,500.9229950037709
24,2440.3382775956275,453.6910167317915
25,2894.029294327419,419.1605519704185
26,3313.1898462978374,413.6716316064267
27,3726.861477904264,444.7316867103941
28,4171.593164614658,160.6349235759808
29,4332.228088190639,67.77214312726392
30,4400.000231317903,7.71059603721369E-6
31,4400.000239028499,7.710596946708392E-6
32,4400.000246739096,44.97266396059695
33,4444.972910699693,63.78516396059695
34,4508.75807466029,132.99671420569484
35,4641.754788865985,225.5463676217487
36,4867.301156487733,198.38724558066224
37,5065.688402068396,203.4007581217811
38,5269.089160190177,339.37233200626906
39,5608.461492196446,336.4190969854826
40,5944.880589181928,348.2204213969835
41,6293.101010578912,338.40142915156866
42,6631.502439730481,397.23742583717467
43,7028.739865567655,407.3198240803449
44,7436.059689648,405.214680766353
45,7841.274370414353,360.6233057016698
46,8201.897676116023,344.2289883653575
47,8546.12666448138,306.8363221294567
48,8852.962986610837,183.19364120840328
49,9036.15662781924,143.09264163917032
50,9179.24926945841,20.75112378202357
51,9200.000393240434,89.57813271059604
52,9289.57852595103,102.28181574631162
53,9391.860341697342,205.39788717488227
54,9597.258228872224,211.95157021059822
55,9809.209799082822,173.57762719588936
56,9982.787426278712,157.69206152075822
57,10140.47948779947,140.2727488704495
58,10280.75223666992,230.39247048743164
59,10511.144707157351,285.1986263314884
60,10796.34333348884,300.6349270361352
61,11096.978260524975,306.23851687032766
62,11403.216777395302,372.3008231088115
63,11775.517600504114,334.4129032660876
64,12109.930503770202,314.49270503615116
65,12424.423208806353,210.42066629007968
66,12634.843875096432,123.87768584538208
67,12758.721560941814,161.17046471511458
68,12919.892025656929,316.8598933374815
69,13236.75191899441,263.38481662094637
70,13500.136735615357,118.7250469560604
71,13618.861782571417,114.12903253503282
72,13732.99081510645,207.00868117945538
73,13939.999496285905,239.10891573343906
74,14179.108412019345,246.35137824182857
75,14425.459790261173,339.5058320165008
76,14764.965622277674,269.17314684405574
77,15034.13876912173,134.1204616629766
78,15168.259230784706,158.42568976437724
79,15326.684920549083,185.58935170688164
80,15512.274272255965,191.50445097930606
81,15703.778723235271,172.92003556044983
82,15876.698758795721,117.64109568171625
83,15994.339854477437,100.94497604508797
84,16095.284830522525,111.85073186569025
85,16207.135562388215,244.24918134814652
86,16451.384743736362,215.56423309330057
87,16666.948976829663,135.72696905198973
88,16802.675945881652,196.43126388659584
89,16999.107209768248,106.09872564662146
90,17105.20593541487,233.7536590588461
91,17338.959594473716,92.74481782415751
92,17431.704412297873,238.2028671627013
93,17669.907279460575,220.54275236024841
94,17890.450031820823,178.28704751630357
95,18068.737079337126,260.25397456573046
96,18328.991053902857,141.235906801714
97,18470.22696070457,115.69802783421255
98,18585.924988538784,139.98716717349453
99,18725.912155712278,211.96396790746076
100,18937.87612361974,147.94903632402566
101,19085.825159943764,198.7606838107822
102,19284.585843754547,186.4965687969052
103,19471.082412551452,225.5968347893904
104,19696.679247340842,230.24192999678053
105,19926.921177337623,183.4811911376528
106,20110.402368475276,209.39730668486663
107,20319.799675160142,136.40563609789024
108,20456.205311258032,101.47901742416798
109,20557.6843286822,160.73525092269847
110,20718.4195796049,180.63744630894143
111,20899.05702591384,195.59287053417938
112,21094.64989644802,182.97177878086586
113,21277.621675228886,196.27646730401102
114,21473.898142532897,270.7694126485658
115,21744.667555181462,215.10066899291996
116,21959.768224174382,205.53954212678946
117,22165.30776630117,191.06773935670935
118,22356.37550565788,183.86289180026506
119,22540.238397458146,152.12915537318258
120,22692.36755283133,149.0021624179535
121,22841.369715249282,147.35122453126678
122,22988.72093978055,147.3043086254911
123,23136.02524840604,132.14391982353482
124,23268.169168229575,114.63976546855702
125,23382.808933698132,122.25768046945086
126,23505.066614167583,123.74488904209284
127,23628.811503209676,211.432721180292
128,23840.244224389968,139.6090987110838
129,23979.85332310105,296.8896046351074
130,24276.74292773616,222.62026718820198
131,24499.36319492436,181.59613694893415
132,24680.959331873295,180.0048541781107
133,24860.964186051406,118.81333540223568
134,24979.77752145364,97.22048585374796
135,25076.99800730739,156.03561527748025
136,25233.03362258487,324.78743931456484
137,25557.821061899434,252.53411477094414
138,25810.35517667038,145.63664417850305
139,25955.99182084888,158.39045235281083
140,26114.382273201692,133.4170913359303
141,26247.799364537623,130.6940183135448
142,26378.493382851168,106.86975831862583
143,26485.363141169793,107.84828994203781
144,26593.21143111183,117.29383055468861
145,26710.50526166652,118.75887719040111
146,26829.26413885692,138.98274463315465
147,26968.246883490076,156.27872618823676
148,27124.525609678312,155.58923661135123
149,27280.114846289664,188.52800059391302
150,27468.642846883577,202.8015439323026
151,27671.44439081588,206.76347705972148
152,27878.2078678756,194.7963084660223
153,28073.004176341623,196.282503215185
154,28269.286679556808,199.55096937165945
155,28468.837648928467,188.5382019519093
156,28657.375850880377,178.26869545392765
157,28835.644546334304,166.61387632981132
158,29002.258422664116,163.75481928941372
159,29166.01324195353,171.06962882882362
160,29337.082870782353,143.98000938941186
161,29481.062880171765,105.50260100647938
162,29586.565481178244,115.9659235739382
163,29702.531404752182,172.50913535386644
164,29875.04054010605,203.7617814683981
165,30078.802321574447,189.90010332549355
166,30268.70242489994,163.39856990613043
167,30432.10099480607,183.03781659391825
168,30615.13881139999,188.29577390845952
169,30803.43458530845,167.43926843667577
170,30970.873853745125,138.58078834089247
171,31109.454642086017,137.65120369342185
172,31247.10584577944,134.557790120125
173,31381.663635899564,126.17536931790164
174,31507.839005217465,149.22259934929025
175,31657.061604566756,208.9184529133563
176,31865.980057480112,107.3954980857452
177,31973.375555565857,98.10445472241554
178,32071.480010288273,99.0691600957507
179,32170.549170384023,111.58459744288484
180,32282.13376782691,113.5330597594475
181,32395.666827586356,193.31689269337585
182,32588.98372027973,262.67715913676875
183,32851.6608794165,322.0246672029607
184,33173.68554661946,139.05528191007033
185,33312.74082852953,110.49255991366226
186,33423.233388443194,119.57121097766503
187,33542.80459942086,120.35031793752569
188,33663.154917358384,123.00581514776422
189,33786.16073250615,132.0917393021955
190,33918.252471808344,118.02484462857683
191,34036.27731643692,231.36634473515733
192,34267.64366117208,118.20644079307385
193,34385.85010196515,213.2508523178767
194,34599.10095428303,174.9140450584964
195,34774.014999341525,212.4363999615307
196,34986.451399303056,103.52350989892147
197,35089.97490920198,115.84023643712862
198,35205.815145639106,114.21636890778609
199,35320.03151454689,204.83761119121482
200,35524.86912573811,291.0062506095637
201,35815.87537634767,328.7047205654162
202,36144.58009691309,110.68483058952552
203,36255.26492750261,179.71920834398043
204,36434.98413584659,232.34297945565777
205,36667.32711530225,127.94797493168153
206,36795.27509023393,104.93116440106678
207,36900.206254635,187.35901107580867
208,37087.56526571081,152.32800914309337
209,37239.8932748539,205.3057648848553
210,37445.199039738756,306.50687271692004
211,37751.705912455676,156.6771329878029
212,37908.38304544348,142.20747656442109
213,38050.5905220079,133.71201155715244
214,38184.30253356505,121.5199465155747
215,38305.82248008063,134.51000481432857
216,38440.332484894956,137.28062441978545
217,38577.61310931474,219.59990080118587
218,38797.21301011593,184.2974727937326
219,38981.51048290966,267.8662097006163
220,39249.376692610276,352.7975889858935
221,39602.17428159617,181.0098922107718
222,39783.18417380694,114.51000598516111
223,39897.6941797921,121.97616170816764
224,40019.67034150027,247.34835104721424
225,40267.018692547485,267.48771447580657
226,40534.50640702329,260.69972218048497
227,40795.206129203776,250.03446705052193
228,41045.2405962543,336.01001680923946
229,41381.25061306354,246.69952240046405
230,41627.950135464,149.19886911688081
231,41777.14900458088,106.9151287016939
232,41884.064133282576,109.20209500150668
233,41993.26622828408,87.2637661194749
234,42080.52999440356,92.77916470768832
235,42173.309159111246,179.81364043006033
236,42353.12279954131,215.5957004689044
237,42568.71850001021,142.29795564753294
238,42711.016455657744,87.85162291239249
239,42798.868078570136,89.04469123268791
240,42887.912769802824,123.90668282255501
241,43011.81945262538,202.2308900479111
242,43214.05034267329,256.28870752189687
243,43470.33905019519,263.84078257244255
244,43734.17983276763,238.60296112547076
245,43972.7827938931,245.417929090283
246,44218.20072298338,174.80247271967528
247,44393.00319570306,298.0625999033364
248,44691.065795606395,317.5079179260283
249,45008.57371353242,284.35271654401004
250,45292.92643007643,154.41578103925713
251,45447.34221111569,189.31032603021595
252,45636.65253714591,200.65061504130426
253,45837.30315218721,194.39932395989308
254,46031.702476147104,273.2177930694015
255,46304.920269216505,239.48693815751903
256,46544.407207374024,266.67543799314444
257,46811.08264536717,295.38592291553505
258,47106.468568282704,154.05510844934906
259,47260.52367673205,110.79145901591255
260,47371.315135747966,179.28961802732374
261,47550.60475377529,216.4981759137081
262,47767.102929689,188.3777736024058
263,47955.4807032914,174.91564523690613
264,48130.39634852831,131.38327557067532
265,48261.779624098985,140.46005190582946
266,48402.239676004814,152.46382454521518
267,48554.70350055003,153.4436210840504
268,48708.14712163408,168.2077539948732
269,48876.35487562895,198.04252710434957
270,49074.3974027333,213.74903881607315
271,49288.146441549376,216.7730704909627
272,49504.91951204034,271.8584164044878
273,49776.777928444826,227.53317008433078
274,50004.31109852916,179.72001866585197
275,50184.03111719501,127.99808968038997
276,50312.0292068754,181.23560512922268
277,50493.26481200462,150.20180130083463
278,50643.466613305456,154.30156724822155
279,50797.76818055368,132.37442420553998
280,50930.14260475922,122.67240859714366
281,51052.81501335636,124.62845377104532
282,51177.44346712741,140.638176770859
283,51318.081643898266,188.5933432011734
284,51506.67498709944,173.4471789433519
285,51680.12216604279,164.7672836381971
286,51844.88944968099,147.0658657618187
287,51991.95531544281,147.54654709007445
288,52139.50186253288,183.41842611877655
289,52322.92028865166,169.11227031431918
290,52492.03255896598,194.15799869564944
291,52686.19055766163,180.8245246702354
292,52867.01508233186,214.4765679319753
293,53081.49165026384,198.6955941000342
294,53280.18724436387,197.81056896920927
295,53477.99781333308,210.04905332926137
296,53688.04686666234,200.98761778130574
297,53889.03448444365,210.55688227731298
298,54099.59136672096,186.05398982331099
299,54285.64535654427,171.38988623770274
300,54457.035242781974,130.18447998807824
301,54587.21972277005,145.08661617850885
302,54732.30633894856,132.77422603550804
303,54865.08056498407,108.08143392502825
304,54973.1619989091,140.36630665981647
305,55113.528305568914,162.32730173738673
306,55275.8556073063,131.01566424413613
307,55406.87127155044,105.3258061351371
308,55512.197077685574,128.37762117286184
309,55640.574698858436,189.40330506400642
310,55829.97800392244,224.4392436147391
311,56054.41724753718,185.64094708130142
312,56240.05819461848,151.66036034640274
313,56391.718554964886,183.19913042955886
314,56574.917685394445,221.58380766785558
315,56796.5014930623,215.32895069391088
316,57011.83044375621,205.64148460089928
317,57217.47192835711,184.9310420369511
318,57402.40297039406,168.08644301279128
319,57570.48941340685,153.39842337679147
320,57723.887836783644,185.25034576110193
321,57909.138182544746,185.1570506043936
322,58094.29523314914,168.5418573828938
323,58262.83709053203,150.0382336261755
324,58412.87532415821,128.6269480274641
325,58541.50227218567,123.72063204705773
326,58665.22290423273,103.41585747663339
327,58768.638761709364,76.44194196955505
328,58845.08070367892,122.15684954846802
329,58967.23755322739,134.9553502847557
330,59102.19290351214,121.26276256646088
331,59223.455666078604,112.51803259921144
332,59335.973698677815,198.81145962653682
333,59534.78515830435,198.97488096900634
334,59733.76003927336,167.65594802755368
335,59901.41598730091,242.34157340206002
336,60143.75756070297,265.3714540955625
337,60409.129014798535,270.97469254009775
338,60680.10370733863,231.86980537378258
339,60911.973512712415,195.86964068983798
340,61107.84315340225,168.01835167944228
341,61275.861505081695,159.80631777963572
342,61435.66782286133,204.99274137469183
343,61640.66056423602,233.1682765885853
344,61873.82884082461,183.05040769280458
345,62056.87924851741,183.23876464153
346,62240.11801315894,183.17076112845098
347,62423.28877428739,180.68719845638407
348,62603.97597274378,169.98659642662824
349,62773.962569170406,145.98469293616654
350,62919.94726210657,154.20487882199086
351,63074.15214092856,169.6116217042363
352,63243.7637626328,169.2946108160977
353,63413.0583734489,157.49134507818235
354,63570.54971852708,171.1235228043297
355,63741.67324133141,154.41472630877252
356,63896.08796764018,165.85395650564897
357,64061.94192414583,168.0139391395569
358,64229.95586328539,171.398466269653
359,64401.35432955504,165.80609818267112
360,64567.16042773771,172.23596490278578
361,64739.3963926405,144.56078202961362
362,64883.95717467011,134.39020041689218
363,65018.347375087,168.26595683311461
364,65186.61333192012,160.66323632017884
365,65347.2765682403,148.00288167943654
366,65495.27944991973,137.79552166027133
367,65633.07497158,152.25622081455367
368,65785.33119239456,113.17286105270614
369,65898.50405344726,183.9020196628262
370,66082.40607311009,161.5425218314631
371,66243.94859494155,119.35410422626592
372,66363.30269916782,124.23375446880527
373,66487.53645363663,254.76107087201672
374,66742.29752450864,138.0765067953762
375,66880.37403130402,124.86169694447017
376,67005.23572824849,125.33408100773522
377,67130.56980925622,115.17937350664579
378,67245.74918276287,109.42501120318775
379,67355.17419396606,117.88402308805962
380,67473.05821705412,205.62939832438133
381,67678.6876153785,345.81038156444265
382,68024.49799694294,255.74669711838942
383,68280.24469406133,316.1038834881183
384,68596.34857754945,247.28345704550156
385,68843.63203459495,176.82428970513865
386,69020.45632430009,92.76016144329333
387,69113.21648574338,100.42594254593132
388,69213.64242828931,121.93222374032484
389,69335.57465202964,178.25815350707853
390,69513.83280553672,217.810269161826
391,69731.64307469854,173.20422395702917
392,69904.84729865557,243.53336677759944
393,70148.38066543317,294.36522941583826
394,70442.74589484901,180.70339611136296
395,70623.44929096037,139.00058414964587
396,70762.44987511002,135.45366397776525
397,70897.90353908778,118.8257793282828
398,71016.72931841607,165.42634313736926
399,71182.15566155344,340.722860911279
400,71522.87852246471,154.4833768480603
401,71677.36189931277,135.40533617654
402,71812.76723548931,249.1846730617981
403,72061.95190855111,223.24627382778272
404,72285.1981823789,124.4646212310472
405,72409.66280360994,114.50496649192064
406,72524.16777010186,117.35587366015534
407,72641.52364376202,172.24445460381685
408,72813.76809836584,297.9329915132839
409,73111.70108987912,120.99236142029986
410,73232.69345129942,137.49408411089098
411,73370.18753541031,143.79345311304496
412,73513.98098852336,136.86234433282516
413,73650.84333285618,143.45445913450385
414,73794.29779199068,121.25560401019175
415,73915.55339600088,332.67473582901584
416,74248.22813182989,194.8194736866135
417,74443.0476055165,121.16330059307802
418,74564.21090610958,104.57163428906642
419,74668.78254039865,277.2547539165971
420,74946.03729431525,227.0274089544546
421,75173.0647032697,191.1080951531476
422,75364.17279842285,90.3593542452727
423,75454.53215266812,88.2291379251401
424,75542.76129059326,158.77209053475235
425,75701.53338112801,155.61340820399346
426,75857.14678933201,105.4039684393938
427,75962.5507577714,141.41544818031252
428,76103.96620595171,205.59855987035553
429,76309.56476582207,206.3637276841473
430,76515.92849350622,273.1175419907231
431,76789.04603549694,248.72710848067072
432,77037.77314397761,150.09681586871739
433,77187.86995984633,142.84043205098715
434,77330.71039189732,108.25735254157917
435,77438.9677444389,354.4224162640603
436,77793.39016070295,394.83837816960295
437,78188.22853887256,118.8232949978119
438,78307.05183387037,116.29227333472227
439,78423.34410720509,111.17440691658703
440,78534.51851412168,126.01178259939479
441,78660.53029672107,136.43031436821911
442,78796.9606110893,229.90078017271298
443,79026.861391262,184.99072335325764
444,79211.85211461526,279.837907537687
445,79491.69002215295,159.28372461700928
446,79650.97374676996,185.1031259864394
447,79836.0768727564,122.09462044856627
448,79958.17149320497,249.3800749888178
449,80207.55156819378,209.6085553108278
450,80417.16012350461,131.36952686338918
451,80548.529650368,153.85217244188243
452,80702.38182280988,152.93331979530922
453,80855.31514260519,150.24973862688057
454,81005.56488123207,131.71906160758226
455,81137.28394283965,127.09446104652307
456,81264.37840388618,120.04600459373614
457,81384.42440847991,234.40627142474113
458,81618.83067990465,107.32067547761835
459,81726.15135538227,192.05671340461413
460,81918.20806878689,307.57588603088516
461,82225.78395481777,210.8326392312738
462,82436.61659404905,145.77566062056576
463,82582.39225466961,195.53110113072034
464,82777.92335580033,119.10208912615781
465,82897.02544492649,114.20704826949805
466,83011.23249319599,122.0029627384647
467,83133.23545593445,229.29341831899364
468,83362.52887425345,249.08477679667703
469,83611.61365105012,248.13654633404803
470,83859.75019738417,117.5120183507679
471,83977.26221573494,127.21732188256283
472,84104.4795376175,112.5953393219097
473,84217.07487693941,104.74131748596847
474,84321.81619442538,121.41060579493933
475,84443.22680022032,205.2452959404618
476,84648.47209616078,285.18935695711116
477,84933.6614531179,142.76132568602043
478,85076.42277880391,239.33086026881938
479,85315.75363907273,265.7971086001198
480,85581.55074767285,158.94258795742644
481,85740.49333563028,109.8542889693781
482,85850.34762459966,156.3352879624872
483,86006.68291256214,249.05957563115226
484,86255.7424881933,209.3280330201669
485,86465.07052121346,162.3464264046488
486,86627.41694761811,235.9599075223814
487,86863.3768551405,239.78386241760745
488,87103.1607175581,233.08599791458983
489,87336.24671547269,161.93470369509305
490,87498.18141916778,145.5508201487537
491,87643.73223931654,125.75570027303183
492,87769.48793958957,129.83891857459093
493,87899.32685816416,127.28068476826593
494,88026.60754293243,167.00078579882393
495,88193.60832873125,161.50702737130632
496,88355.11535610256,158.42770380376896
497,88513.54305990633,160.60262592036452
498,88674.14568582669,151.14310643616773
499,88825.28879226286,129.63941588612215
500,88954.92820814898,148.84351667878218
501,89103.77172482776,173.18841131121735
502,89276.96013613898,173.5329803302593
503,89450.49311646924,166.29085521672096
504,89616.78397168596,156.94805405192892
505,89773.73202573789,130.12447357631754
506,89903.8564993142,126.32251954198
507,90030.17901885619,131.8048226821993
508,90161.98384153839,127.72929258622753
509,90289.71313412461,132.68933688433026
510,90422.40247100894,165.71236037918425
511,90588.11483138813,166.69307931797812
512,90754.8079107061,149.88943699466472
513,90904.69734770077,153.797304006177
514,91058.49465170695,134.68552287951752
515,91193.18017458647,142.1165576960484
516,91335.29673228251,147.35394916011137
517,91482.65068144262,152.49509998814028
518,91635.14578143077,141.5123581516964
519,91776.65813958246,171.55993385710462
520,91948.21807343957,187.8260069566022
521,92136.04408039617,251.83363140761503
522,92387.87771180378,188.1081849775801
523,92575.98589678136,103.498146758051
524,92679.48404353941,110.33585735459928
525,92789.81990089401,227.06128123542294
526,93016.88118212944,107.86785638937727
527,93124.74903851881,94.000145899161
528,93218.74918441797,111.85392603493528
529,93330.60311045291,202.23279240385455
530,93532.83590285676,123.67826474773756
531,93656.5141676045,151.4713572190958
532,93807.9855248236,207.19937059594668
533,94015.18489541954,191.59628034474736
534,94206.78117576429,254.15163181773096
535,94460.93280758202,130.6298924284638
536,94591.56270001049,125.318322766645
537,94716.88102277713,299.60653903101047
538,95016.48756180814,158.09254283102928
539,95174.58010463917,84.53272541963088
540,95259.1128300588,190.98491396229656
541,95450.0977440211,176.75700258814322
542,95626.85474660924,232.83883762497862
543,95859.69358423422,161.8671017522429
544,96021.56068598646,225.66424890937924
545,96247.22493489584,139.75025558761263
546,96386.97519048346,217.3396866301191
547,96604.31487711357,232.92080630337296
548,96837.23568341695,259.1009206998715
549,97096.33660411682,254.90013727909536
550,97351.23674139591,219.08463817180018
551,97570.32137956771,315.240120835384
552,97885.5615004031,313.48755301814526
553,98199.04905342124,185.82310061284807
554,98384.87215403409,146.58698125908268
555,98531.45913529317,157.0324102184386
556,98688.49154551161,140.30405792863166
557,98828.79560344025,89.04292480734875
558,98917.8385282476,105.5686335881037
559,99023.4071618357,104.81447535085317
560,99128.22163718655,123.86598475457868
561,99252.08762194113,127.77194438278093
562,99379.85956632391,246.72826063021785
563,99626.58782695413,206.79108511547383
564,99833.3789120696,73.55660132938647
565,99906.93551339899,97.18322514987085
566,100004.11873854886,96.01462112965237
567,100100.13335967851,121.71322592427896
568,100221.84658560279,143.49558687317767
569,100365.34217247597,142.7633377382299
570,100508.1055102142,203.02040726004634
571,100711.12591747424,290.47412692860235
572,101001.60004440285,437.00691083152196
573,101438.60695523437,364.27277427428635
574,101802.87972950866,205.96810123583418
575,102008.84783074449,201.43303727278544
576,102210.28086801727,131.50238290498964
577,102341.78325092226,193.41745011009334
578,102535.20070103236,252.81833808199735
579,102788.01903911436,194.26397696534696
580,102982.2830160797,137.6148936712416
581,103119.89790975094,151.67950991103135
582,103271.57741966198,144.65560780202213
583,103416.233027464,163.49624159377709
584,103579.72926905777,158.5355602135678
585,103738.26482927134,147.2769442571298
586,103885.54177352847,167.94851162238047
587,104053.49028515085,170.40775281457172
588,104223.89803796542,188.78769673532224
589,104412.68573470075,202.45708451911923
590,104615.14281921987,198.16906823300815
591,104813.31188745287,168.92186352793942
592,104982.23375098081,188.00529355941399
593,105170.23904454023,167.54680516679946
594,105337.78584970703,128.05902221727592
595,105465.8448719243,155.83376955604763
596,105621.67864148035,165.63333671297005
597,105787.31197819332,169.477131397216
598,105956.78910959054,164.9971424041869
599,106121.78625199472,217.6210786363663
600,106339.40733063109,195.47860751730332
601,106534.88593814839,170.43103684214293
602,106705.31697499054,180.75159960211022
603,106886.06857459265,148.78583187272307
604,107034.85440646537,138.20854187497753
605,107173.06294834035,129.45829347406107
606,107302.52124181441,168.91954429872567
607,107471.44078611313,159.83961975116108
608,107631.2804058643,140.5416885347222
609,107771.82209439902,136.21177741681458
610,107908.03387181583,154.52545045118313
611,108062.55932226701,160.39214329248352
612,108222.9514655595,166.97898003789305
613,108389.93044559739,205.2160245186824
614,108595.14647011607,229.3653019014164
615,108824.51177201749,206.4768774528202
616,109030.98864947031,210.97834372200305
617,109241.96699319231,188.47812171306578
618,109430.44511490538,141.29058646169142
619,109571.73570136707,130.51336915310821
620,109702.24907052018,111.40754354072851
621,109813.6566140609,142.8194974605576
622,109956.47611152146,119.207724954671
623,110075.68383647614,123.29076538250956
624,110198.97460185864,133.02915248309728
625,110332.00375434174,131.1471715690859
626,110463.15092591083,123.78020404397103
627,110586.9311299548,95.83828857004119
628,110682.76941852484,114.51137393170211
629,110797.28079245654,104.4019316213089
630,110901.68272407785,102.0383819645358
631,111003.72110604239,90.90152611061058
632,111094.622632153,91.13754410021647
633,111185.76017625321,120.24290632214979
634,111306.00308257536,217.50556157785468
635,111523.50864415322,318.49987486726604
636,111842.00851902048,403.55695301288506
637,112245.56547203337,303.66127429902554
638,112549.2267463324,165.55325927046943
639,112714.78000560286,188.91134246964066
640,112903.6913480725,211.16391740679683
641,113114.8552654793,210.89619347534608
642,113325.75145895465,212.6046175371448
643,113538.3560764918,183.93258187732135
644,113722.28865836911,119.2522653179476
645,113841.54092368706,225.16790136108466
646,114066.70882504815,210.63604888651753
647,114277.34487393466,172.34732123890717
648,114449.69219517357,159.7518246936961
649,114609.44401986727,117.89983113275957
650,114727.34385100003,123.7109534786432
651,114851.05480447867,142.76815926792915
652,114993.8229637466,180.94006836279004
653,115174.76303210939,140.9597122043342
654,115315.72274431372,162.75657522313122
655,115478.47931953685,179.02457253811008
656,115657.50389207496,206.3264564617857
657,115863.83034853675,228.46539805650536
658,116092.29574659326,190.10547138935362
659,116282.40121798261,191.44741731409158
660,116473.8486352967,184.09790904268448
661,116657.94654433939,167.34295161730552
662,116825.28949595669,152.3642954487441
663,116977.65379140544,150.9378991630656
664,117128.5916905685,173.2100513751211
665,117301.80174194362,173.8427850521548
666,117475.64452699578,133.2876303087687
667,117608.93215730455,185.91538847326592
668,117794.84754577781,151.21586543606827
669,117946.06341121388,153.49378293252084
670,118099.5571941464,160.2636964329431
671,118259.82089057934,166.80674805639137
672,118426.62763863573,152.05387819909083
673,118578.68151683483,157.62449599998945
674,118736.30601283482,184.67480757103476
675,118920.98082040585,167.70132821513107
676,119088.68214862098,154.4749026442296
677,119243.15705126521,134.70594645041274
678,119377.86299771562,169.92955304362113
679,119547.79255075924,189.2063892815786
680,119736.99894004082,179.7424657788506
681,119916.74140581967,202.13814397792157
682,120118.8795497976,177.6346897699259
683,120296.51423956752,162.73340322369768
684,120459.24764279122,166.4071217738965
685,120625.65476456512,77.60712376993615
686,120703.26188833505,171.7040698175988
687,120874.96595815265,234.24782520609733
688,121109.21378335875,219.6487909707066
689,121328.86257432945,201.7345190084161
690,121530.59709333787,215.6142645085929
691,121746.21135784646,261.8681605151505
692,122008.07951836161,231.09089174238034
693,122239.170410104,272.6691871128278
694,122511.83959721682,317.56015754598775
695,122829.39975476281,226.96247831566143
696,123056.36223307847,178.56668204937887
697,123234.92891512785,164.80838477332145
698,123399.73729990117,133.41086722420005
699,123533.14816712537,142.561014309249
700,123675.70918143462,115.54525861967704
701,123791.2544400543,124.41236710030353
702,123915.6668071546,124.65179842249199
703,124040.3186055771,149.46682728774613
704,124189.78543286484,173.2592632034648
705,124363.0446960683,151.60842160717584
706,124514.65311767548,159.70118502037076
707,124674.35430269585,160.8000491722487
708,124835.1543518681,192.73354735705652
709,125027.88789922516,191.09653070884815
710,125218.984429934,184.70324914764205
711,125403.68767908165,153.26970798047842
712,125556.95738706212,152.73252706730273
713,125709.68991412943,155.31922955268237
714,125865.00914368211,146.83443629609246
715,126011.8435799782,148.87592475696874
716,126160.71950473517,162.77353736756777
717,126323.49304210274,193.30004626703158
718,126516.79308836977,181.98686925461516
719,126698.77995762439,178.64546742051607
720,126877.4254250449,174.342427984011
721,127051.76785302891,153.83625753503293
722,127205.60411056395,158.96926282625645
723,127364.5733733902,167.11997028978658
724,127531.69334367999,163.31002366948815
725,127695.00336734948,165.26414053731423
726,127860.26750788679,146.97612449660664
727,128007.2436323834,151.92382867044944
728,128159.16746105385,142.21722133057483
729,128301.38468238442,142.24445965822088
730,128443.62914204264,139.09822838743275
731,128582.72737043008,167.52897623716854
732,128750.25634666724,174.7459436502977
733,128925.00229031754,159.55205351930636
734,129084.55434383685,163.73958468240744
735,129248.29392851926,192.0081932992034
736,129440.30212181846,162.22820210944337
737,129602.5303239279,149.96183444969938
738,129752.4921583776,165.91785529874323
739,129918.41001367634,177.57797853308148
740,130095.98799220943,177.8494869315473
741,130273.83747914097,179.36259733620682
742,130453.20007647718,189.88526273220486
743,130643.08533920938,222.43279698942206
744,130865.5181361988,212.78821444360074
745,131078.3063506424,162.945397501142
746,131241.25174814355,116.88738380235736
747,131358.1391319459,108.41822467316524
748,131466.55735661907,117.13145323703066
749,131583.6888098561,115.31720720310113
750,131699.0060170592,119.68568606421468
751,131818.69170312342,113.61351418000413
752,131932.30521730342,101.55657872758457
753,132033.861796031,141.83389023313066
754,132175.69568626414,211.23652992016287
755,132386.9322161843,113.19087965929066
756,132500.1230958436,112.93037838384043
757,132613.05347422743,89.497060407768
758,132702.5505346352,106.14227540252614
759,132808.69281003773,312.4452402747702
760,133121.1380503125,286.2497929800884
761,133407.38784329258,118.04899313976057
762,133525.43683643235,114.33255050497246
763,133639.76938693732,187.07499275088776
764,133826.8443796882,368.1852231824596
765,134195.02960287067,292.9623149941326
766,134487.9919178648,112.28731210986734
767,134600.27922997467,75.60200783834443
768,134675.881237813,91.41450491451542
769,134767.29574272753,100.27877272482147
770,134867.57451545235,166.00271337048616
771,135033.57722882283,149.86893532975228
772,135183.44616415258,68.78165821760194
773,135252.2278223702,76.74919049887103
774,135328.97701286906,143.1407489182311
775,135472.1177617873,168.22461772497627
776,135640.34237951227,174.77779277067748
777,135815.12017228294,251.70202862922451
778,136066.82220091217,211.45212711000931
779,136278.27432802218,203.14909731352236
780,136481.4234253357,214.68059810777777
781,136696.10402344348,287.6837093810318
782,136983.7877328245,190.77383685371024
783,137174.56156967822,370.6293797379476
784,137545.19094941617,148.7570734207402
785,137693.9480228369,287.4415473654808
786,137981.3895702024,154.9366753930226
787,138136.3262455954,95.13227713186643
788,138231.45852272728,120.23097487882478
789,138351.6894976061,216.84683259180747
790,138568.5363301979,283.9327542160463
791,138852.46908441395,204.80370831832988
792,139057.27279273228,226.6553299833613
793,139283.92812271565,247.82720300965593
794,139531.7553257253,210.15420590090798
795,139741.9095316262,232.12493465887383
796,139974.03446628508,122.06895935005741
797,140096.10342563514,110.67597316188039
798,140206.77939879702,131.30117928091204
799,140338.08057807793,139.34644116216805
800,140477.4270192401,127.86440410796786
801,140605.29142334807,128.60988145403098
802,140733.9013048021,139.54809317470063
803,140873.4493979768,141.06077088363236
804,141014.51016886043,147.57472126057837
805,141162.084890121,149.36964088637615
806,141311.4545310074,145.45548022701405
807,141456.9100112344,231.50462537741987
808,141688.41463661182,176.68670216141618
809,141865.10133877324,118.71852974331705
810,141983.81986851656,112.40298230087501
811,142096.22285081743,107.09248407144332
812,142203.31533488887,101.98758199290023
813,142305.30291688177,108.19621166796423
814,142413.49912854974,183.34917619504267
815,142596.84830474478,165.30325794016244
816,142762.15156268494,113.49170647797291
817,142875.64326916292,242.41804767222493
818,143118.06131683514,112.41874023608398
819,143230.48005707123,147.47797048572102
820,143377.95802755695,185.73988828333677
821,143563.69791584028,153.42322207128746
822,143717.12113791157,204.10260737410863
823,143921.22374528568,259.1951649840339
824,144180.4189102697,350.56450242517167
825,144530.98341269488,161.68211872532265
826,144692.6655314202,65.04024639562704
827,144757.70577781583,57.10357930656755
828,144814.8093571224,81.77805027604336
829,144896.58740739845,81.75549314718228
830,144978.34290054563,122.84163609231473
831,145101.18453663794,193.64164849216468
832,145294.8261851301,135.55938328511547
833,145430.38556841522,235.0275602658221
834,145665.41312868104,244.46458211605204
835,145909.8777107971,357.2683090933424
836,146267.14601989044,302.0812494547863
837,146569.22726934523,214.50047702266602
838,146783.7277463679,217.30910068683443
839,147001.03684705473,302.5663007766416
840,147303.60314783137,374.0163566158444
841,147677.6195044472,146.19903713886742
842,147823.81854158608,192.68550926604075
843,148016.50405085212,193.98209263951867
844,148210.48614349164,130.17821349404403
845,148340.66435698568,183.31647595606046
846,148523.98083294174,124.75001831320697
847,148648.73085125495,124.02990762022091
848,148772.76075887517,185.5317564579309
849,148958.2925153331,236.90491019023466
850,149195.19742552334,138.02179345829063
851,149333.21921898163,158.3230476671306
852,149491.54226664876,212.52595632933662
853,149704.0682229781,234.4098657273571
854,149938.47808870545,224.9501336029498
855,150163.4282223084,190.65072186567704
856,150354.07894417408,164.65783002064563
857,150518.73677419472,130.65877268026816
858,150649.395546875,157.78885103852372
859,150807.18439791352,130.00944348465418
860,150937.19384139817,146.8445491309394
861,151084.0383905291,124.08335841199732
862,151208.1217489411,122.11985380656552
863,151330.24160274767,129.64164820170845
864,151459.88325094938,105.36616748801316
865,151565.2494184374,114.73401565654785
866,151679.98343409394,121.84259191819001
867,151801.82602601213,126.43137376688537
868,151928.25739977902,130.45202805913868
869,152058.70942783816,172.85200608460582
870,152231.56143392276,178.2712819224398
871,152409.8327158452,175.02889158108155
872,152584.86160742628,188.19746499630855
873,152773.0590724226,173.62243400810985
874,152946.6815064307,160.9070346619701
875,153107.58854109267,166.5672847974929
876,153274.15582589016,198.2243285815057
877,153472.38015447167,202.92683918698458
878,153675.30699365865,166.95737183012534
879,153842.26436548878,177.62162935858942
880,154019.88599484737,161.31753124168608
881,154181.20352608906,153.9024765417562
882,154335.1060026308,148.91181224197499
883,154484.0178148728,168.70229197229492
884,154652.72010684508,166.99229152261978
885,154819.7123983677,151.76299627978005
886,154971.47539464748,143.42613497716957
887,155114.90152962465,165.50076426193118
888,155280.40229388658,158.16803714068374
889,155438.57033102727,172.5949773999455
890,155611.1653084272,148.94751377610373
891,155760.11282220331,153.7060649425839
892,155913.8188871459,157.7134096028458
893,156071.53229674874,153.0682092733914
894,156224.60050602214,122.42236018076073
895,156347.0228662029,195.94423427904258
896,156542.96710048194,258.68625278549735
897,156801.65335326744,251.0474166107888
898,157052.70076987823,271.04411283149966
899,157323.74488270973,221.1089942335675
900,157544.8538769433,143.22714385727886
901,157688.08102080057,107.1476997443242
902,157795.2287205449,113.56301782638184
903,157908.79173837128,112.65734632415115
904,158021.44908469543,100.77299877864425
905,158122.22208347407,125.29208860590006
906,158247.51417207997,111.5559014841565
907,158359.07007356413,120.44853258648072
908,158479.5186061506,147.5161775830784
909,158627.0347837337,144.96023692117888
910,158771.99502065487,135.259100366442
911,158907.2541210213,134.21060886685154
912,159041.46472988816,136.89393336937064
913,159178.35866325753,122.98762006638572
914,159301.34628332392,138.89052739395993
915,159440.23681071788,140.1063991416886
916,159580.34320985957,131.44367264275206
917,159711.78688250232,367.362372201198
918,160079.14925470352,228.20274828132824
919,160307.35200298484,324.451596156141
920,160631.80359914099,167.75163863305352
921,160799.55523777404,88.23556507148896
922,160887.79080284553,96.73518666485325
923,160984.52598951038,95.78822902304819
924,161080.31421853343,239.86351586837554
925,161320.1777344018,255.70935622564866
926,161575.88709062745,164.03508193863672
927,161739.9221725661,148.57583770656493
928,161888.49801027265,236.40162933888496
929,162124.89963961154,273.98878724779934
930,162398.88842685934,247.18761625056504
931,162646.0760431099,175.5295965873811
932,162821.60563969729,205.00380802966538
933,163026.60944772695,245.00579010206275
934,163271.615237829,247.0287655047141
935,163518.64400333373,232.8617507556046
936,163751.50575408933,125.39851124444976
937,163876.90426533378,94.58476214465918
938,163971.48902747844,99.37356476590503
939,164070.86259224435,120.98709264496574
940,164191.8496848893,135.6450218205282
941,164327.49470670984,258.0545516095881
942,164585.54925831943,321.756205824262
943,164907.3054641437,180.21317101211753
944,165087.5186351558,165.6013159643917
945,165253.1199511202,207.6996706953796
946,165460.81962181558,162.0195286477683
947,165622.83915046335,134.3882133604784
948,165757.22736382383,122.95875888943556
949,165880.18612271326,136.61952896247385
950,166016.80565167574,169.49527240596944
951,166186.3009240817,157.22572252803366
952,166343.52664660974,152.6649355769332
953,166496.19158218667,149.72661771959974
954,166645.91819990627,162.20278688686085
955,166808.12098679313,155.2273860014684
956,166963.3483727946,141.12016259046504
957,167104.46853538507,118.84511920830118
958,167223.31365459337,148.73948550323257
959,167372.0531400966,153.80425186821958
960,167525.85739196482,173.16856221007765
961,167699.0259541749,199.82927236353862
962,167898.85522653844,204.61849193746457
963,168103.4737184759,259.4575354923145
964,168362.9312539682,160.38254039525054
965,168523.31379436346,117.56511224957649
966,168640.87890661304,122.49334483683924
967,168763.37225144988,204.7169154153089
968,168968.0891668652,226.18765369980247
969,169194.276820565,139.1631692738447
970,169333.43998983884,252.9848805788206
971,169586.42487041766,278.32952580053825
972,169864.7543962182,348.0132527744863
973,170212.76764899268,183.47807732669753
974,170396.24572631938,205.1140177999623
975,170601.35974411934,83.23579148814315
976,170684.59553560748,75.83914621689473
977,170760.43468182438,220.8692732990312
978,170981.3039551234,105.82694198316312
979,171087.13089710657,105.1025743689388
980,171192.2334714755,103.3436418324709
981,171295.57711330798,94.39558111305814
982,171389.97269442104,179.68651564841275
983,171569.65921006945,206.87030118651455
984,171776.52951125597,298.0360648589267
985,172074.5655761149,361.13829175694264
986,172435.70386787184,279.96323171583936
987,172715.66709958768,207.6027573691681
988,172923.26985695685,110.548126473499
989,173033.81798343034,170.73923689412186
990,173204.55722032447,172.8240017533244
991,173377.3812220778,179.40906370134326
992,173556.79028577913,174.47667595147504
993,173731.2669617306,191.2759646610648
994,173922.54292639167,232.93655332530034
995,174155.47947971697,193.0470285282354
996,174348.5265082452,152.76641498683603
997,174501.29292323205,143.9814660384436
998,174645.2743892705,131.73715273939888
999,174777.0115420099,154.11585845259833
1000,174931.1274004625,162.50318017287645
1001,175093.63058063536,173.90408239225508
1002,175267.53466302762,182.1128575829789
1003,175449.6475206106,184.1133506608021
1004,175633.7608712714,181.97610621506465
1005,175815.73697748646,147.18446900660638
1006,175962.92144649307,148.06085349048954
1007,176110.98229998356,153.60162424034206
1008,176264.5839242239,150.7675628347206
1009,176415.35148705862,153.79052853758913
1010,176569.1420155962,156.38661985786166
1011,176725.52863545407,166.65742188808508
1012,176892.18605734216,121.38567737190169
1013,177013.57173471406,185.55911085262778
1014,177199.1308455667,199.57557807239937
1015,177398.7064236391,217.05345181681332
1016,177615.7598754559,210.4683106786688
1017,177826.22818613457,198.57232333309366
1018,178024.80050946766,180.23491619701963
1019,178205.03542566468,129.22737557071378
1020,178334.2628012354,137.00230846516206
1021,178471.26510970056,169.61739868749282
1022,178640.88250838805,153.2753799809725
1023,178794.15788836902,105.7319317025831
1024,178899.8898200716,97.85491283005103
1025,178997.74473290166,94.5415945079294
1026,179092.2863274096,150.20195473515196
1027,179242.48828214474,296.92085979453987
1028,179539.40914193928,258.0959489484085
1029,179797.5050908877,111.92302390976693
1030,179909.42811479745,193.7487934177334
1031,180103.1769082152,192.67772642715136
1032,180295.85463464234,225.88428378637764
1033,180521.73891842872,104.24916001217207
1034,180625.9880784409,86.1072123577469
1035,180712.09529079864,78.17267194174929
1036,180790.26796274038,123.68689121754142
1037,180913.95485395793,122.35270694608334
1038,181036.307560904,175.88965945143718
1039,181212.19722035545,171.2119506932504
1040,181383.4091710487,140.71127549593803
1041,181524.12044654464,138.37769393637427
1042,181662.498140481,146.5440402025124
1043,181809.04218068352,203.33678501201211
1044,182012.37896569553,297.5553063414991
1045,182309.93427203703,179.35935764448368
1046,182489.29362968152,128.52017159559182
1047,182617.8138012771,213.8080344844202
1048,182831.62183576153,135.48537604909507
1049,182967.10721181062,128.5452734567516
1050,183095.65248526738,121.38482666833443
1051,183217.0373119357,130.07184094100376
1052,183347.1091528767,128.9725564204855
1053,183476.0817092972,454.8160368203826
1054,183930.89774611758,338.58586134098005
1055,184269.48360745856,169.02827610165696
1056,184438.51188356022,263.95328362856526
1057,184702.46516718878,309.7747321006318
1058,185012.23989928942,125.3786299759231
1059,185137.61852926534,94.55424624230363
1060,185232.17277550764,122.71611478133127
1061,185354.88889028897,225.79013704194222
1062,185580.67902733092,236.50746169500053
1063,185817.18648902592,208.84763851031312
1064,186026.03412753623,278.8457024891977
1065,186304.87983002543,346.8894043935288
1066,186651.76923441896,195.10012321991962
1067,186846.86935763888,139.28854600695195
1068,186986.15790364583,246.3803228540055
1069,187232.53822649983,251.04973439630703
1070,187483.58796089614,224.71071015213965
1071,187708.29867104828,137.1677328797814
1072,187845.46640392806,212.7557481583499
1073,188058.2221520864,232.67059530943516
1074,188290.89274739585,118.22740371336113
1075,188409.1201511092,149.90244076019735
1076,188559.0225918694,130.5954709131911
1077,188689.6180627826,120.59287411518744
1078,188810.21093689778,125.3293334558548
1079,188935.54027035364,219.04596976720495
1080,189154.58624012084,337.84233022783883
1081,189492.42857034868,127.18037966522388
1082,189619.6089500139,128.6216646671819
1083,189748.2306146811,253.14328363747336
1084,190001.37389831856,297.8652769800392
1085,190299.2391752986,312.36394867210765
1086,190611.6031239707,168.5896716399875
1087,190780.1927956107,256.42969525046647
1088,191036.62249086116,248.31442982028238
1089,191284.93692068144,241.994185183401
1090,191526.93110586485,264.3076988050889
1091,191791.23880466993,229.79437807461363
1092,192021.03318274455,192.00178193903412
1093,192213.03496468358,145.25637255812762
1094,192358.2913372417,162.03952594657312
1095,192520.33086318828,182.69468046349357
1096,192703.02554365178,149.55646786966827
1097,192852.58201152144,153.90446443893597
1098,193006.48647596038,151.3796647331328
1099,193157.8661406935,161.76895814665477
1100,193319.63509884017,144.65706346734078
1101,193464.2921623075,119.11741107262787
1102,193583.40957338014,105.9197436303366
1103,193689.32931701047,176.07279145077337
1104,193865.40210846125,182.97703656036174
1105,194048.3791450216,167.07684707449516
1106,194215.4559920961,180.11314500891604
1107,194395.56913710502,163.62703814017004
1108,194559.1961752452,159.62388985903817
1109,194718.82006510423,148.07600740797352
1110,194866.8960725122,193.1837598887796
1111,195060.07983240098,191.33970694549498
1112,195251.41953934648,216.00035422240035
1113,195467.41989356888,276.70183318376075
1114,195744.12172675264,203.39881031718687
1115,195947.52053706982,194.21748379894416
1116,196141.73802086877,156.44813195598545
1117,196298.18615282475,179.1067680644628
1118,196477.29292088922,189.86546279478353
1119,196667.158383684,167.8893256400479
1120,196835.04770932405,160.96511235524667
1121,196996.0128216793,149.8784138331248
1122,197145.89123551242,159.2782114635338
1123,197305.16944697595,137.79936928290408
1124,197442.96881625886,119.01864027988631
1125,197561.98745653874,118.40263284937828
1126,197680.39008938812,116.49994638134376
1127,197796.89003576947,94.41525790089509
1128,197891.30529367036,95.27143300540047
1129,197986.57672667576,151.60168668656843
1130,198138.17841336233,188.81146725077997
1131,198326.9898806131,188.28246336235316
1132,198515.27234397546,166.04872322600568
1133,198681.32106720147,185.57238315502764
1134,198866.8934503565,179.3268878860399
1135,199046.22033824254,159.93761891691247
1136,199206.15795715945,144.69012253571418
1137,199350.84807969516,183.44037824278348
1138,199534.28845793795,204.6825285636587
1139,199738.9709865016,203.48315464306506
1140,199942.45414114467,185.68323952151695
1141,200128.1373806662,140.87313996697776
1142,200269.01052063316,150.14290786714992
1143,200419.1534285003,148.59757938960684
1144,200567.75100788992,166.47455061454093
1145,200734.22555850446,212.36814317514654
1146,200946.5937016796,243.5596219811705
1147,201190.15332366078,236.76515288685914
1148,201426.91847654764,196.2403293788375
1149,201623.15880592648,178.53092364277109
1150,201801.68972956925,165.6595807733538
1151,201967.3493103426,159.0910361071583
1152,202126.44034644976,160.878399130248
1153,202287.31874558,169.26322570702177
1154,202456.58197128703,126.70620818724274
1155,202583.28817947427,112.61651673400775
1156,202695.90469620828,86.94161850647652
1157,202782.84631471476,75.478101447894
1158,202858.32441616265,81.34629700228106
1159,202939.67071316493,86.93499479349703
1160,203026.60570795843,93.36149029366788
1161,203119.9671982521,110.96815570941544
1162,203230.9353539615,98.64128769288072
1163,203329.5766416544,233.29285675132996
1164,203562.86949840572,90.1649964681128
1165,203653.03449487383,184.09222435290576
1166,203837.12671922674,214.29926883426378
1167,204051.425988061,64.27633455870091
1168,204115.7023226197,56.92264482821338
1169,204172.62496744792,58.2574338678678
1170,204230.8824013158,101.09185731771868
1171,204331.9742586335,143.9983976164949
1172,204475.97265625,52.19140625
1173,204528.1640625,71.11431107955286
1174,204599.27837357955,193.30951704544714
1175,204792.587890625,7.412109375
1176,204800.0,0.0
1177,204800.0,0.0
1178,204800.0,0.0
1179,204800.0,0.0
1180,204800.0,0.0
1181,204800.0,0.0
1182,204800.0,0.0
1183,204800.0,0.0
1184,204800.0,0.0
1185,204800.0,0.0
1186,204800.0,0.0
1187,204800.0,0.0
1188,204800.0,0.0
1189,204800.0,0.0
1190,204800.0,0.0
1191,204800.0,0.0
1192,204800.0,0.0
1193,204800.0,0.0
1194,204800.0,0.0
1195,204800.0,0.0
1196,204800.0,0.0
1197,204800.0,0.0
1198,204800.0,0.0
1199,204800.0,0.0
1200,204800.0,0.0
1201,204800.0,0.0
1202,204800.0,0.0
1203,204800.0,0.0
1204,204800.0,0.0
1205,204800.0,0.0
1206,204800.0,0.0
1207,204800.0,0.0
1208,204800.0,0.0
1209,204800.0,0.0
1210,204800.0,0.0
1211,204800.0,0.0
1212,204800.0,0.0
1213,204800.0,0.0
